;;;;;;;;;;;IDO-1;p16540;p16580;FOXP3;ICAM-1;GALECTİN-3;CD28;GALECTİN-3;CD27;PD1/pdcd1PDL1/cd274;PDL1;CD40;TIM1;CTLA-4;MDM2;sCTLA4pgml ;;;;;;;;;;;;;;;;;;;;;
;;;;;;;;;;;rs10089084;RS11515;RS3088440;RS3761548;RS5498;rs4644;RS3116496;rs4652;RS2267966;RS2227981;RS2890658;rs1883832;RS9313422;rs231775;rs2279744;;;;;;;;;;;;;;;;;;;;;;
;;;;;;;;;;;ID:3620;ID: 1029;ID: 1029;ID: 59043;ID:3383;ID:3958;ID:940;ID:3958;ID:939;ID:5133;ID:29126;ID:958;ID:267662;ID:1493;ID:4193;;;;;;;;;;;;;;;;;;;;;;
;akcigernumara;Yaşıyor mu?;Ex/Son kontrol tarihi;Op. Tarihi;Sağ kalım (ay);ProtokolNo;NSGno;dokuno;hastagrup;yas;IDO1poly;p16540;p16580;foxp3;ICAM469;gal4644;cd28;gal4652;cd27snp;pd1snp;pdl1poly;cd40snp;TIM1;ctla4-49snp;mdm2;;sont;sonn;mevre;Cinsiyet;sigara;sigrapyl;alttip;Perinöralinv;Lenfatik;damarinv;ailedeca;alkol;hikaye;PatolojiTanısı;SEHIRKOD;OTImutasyonanalizi19;mutasyonanalizi20;mutasyonanalizi21;Telefon1;Telefon2;akiystez
1;854;1;12.02.2023;10.09.2012;125;40375174630;03;08;akciger ca;57;CC;CC;CC;CC;AG;AC;TT;CA;TT;CT;AA;CC;CC;AA;TT;101.85;T2;No;met yok;erkek;iciyor;90;Adenokarsinom;yok;var;yok;Aile 1.ca yok;yok;var;adenokarsinom;SEHIRUNIVKOD868;19 delesyon var;2 bölgede mutasyon var;mutasyon yok;0506 947 04 24;0532 452 68 38;
2;899;0;24.12.2013;03.06.2013;7;19132853934;32;32;akciger ca;64;CC;CC;CC;CC;AG;CC;TT;AA;AA;CC;AC;CC;GC;AA;TG;95.20;T3;N1;met yok;erkek;iciyor;45;sarkomatoid karsinom;var;var;yok;Aile 1.ca yok;yok;yok;sarkomatoid karsinom;SEHIRUNIVKOD905;yok;hiç mutasyon yok;mutasyon yok;0541 265 45 41;0545 376 66 71;
3;787;1;12.02.2023;22.03.2018;59;dosya yok;29;29;akciger ca;57;;CG;CC;AA;AG;AA;TT;CC;AA;CT;AC;CC;CC;AA;TG;135.70;T1;No;met yok;erkek;iciyor;20;Adenokarsinom;yok;yok;yok;Aile 1.ca yok;yok;yok;nöroendokrin;SEHIRUNIVKOD794;yok;hiç mutasyon yok;mutasyon yok;;;
4;154;0;23.05.2020;16.05.2014;72;;58;;akciger ca;58;CC;;;AA;AG;AC;CT;CC;AA;CT;AC;CT;GC;AA;;;;;;erkek;iciyor;40;Squamöz hücre kanseri;;;;;yok;var;skuamöz;SEHIRUNIVKOD613;;;;;;
5;885;1;12.02.2023;09.11.2010;147;;;;akciger ca;60;;CC;CC;;AG;;TT;;AT;CT;AC;CT;CC;AG;TG;;T3;N1;met yok;erkek;iciyor;45;;;;;;;;;SEHIRUNIVKOD900;;;;;;
6;785;0;27.05.2015;19.04.2013;25;49222169454;23;23;akciger ca;59;CC;CC;CT;CC;GG;CC;TT;;AT;CC;AA;CT;GC;AG;TG;178.30;T1;No;met yok;erkek;iciyor;135;Büyük hücreli karsinom;yok;var;yok;Aile 1.ca yok;yok;var;büyük hücreli kars;SEHIRUNIVKOD809;yok;hiç mutasyon yok;mutasyon yok;0544 230 56 55;0545 947 70 26;
7;779;0;28.04.2021;19.04.2013;96;;57;;akciger ca;70;CC;;;;GG;AA;;CC;;CC;AC;CC;GG;;;;T1;No;met yok;kadın;iciyor;50;Adenokarsinom;yok;var;var;;yok;yok;adenokarsinom;SEHIRUNIVKOD801;;;;;;
8;147;0;20.06.2013;03.09.2012;9;;;;akciger ca;48;GC;CG;CC;CC;GG;;CC;;TT;CC;AC;CC;GC;AA;TT;;;;;kadın;;;diğer ca ikincil;;;;;;;;SEHIRUNIVKOD705;;;;;;ewing sarkomu
9;877;0;22.12.2015;20.06.2013;30;;34;;akciger ca;46;GC;CC;CT;;AA;CC;;AA;;;AA;TT;GC;;TG;;T3;No;met yok;erkek;iciyor;40;Squamöz hücre kanseri;var;var;var;;yok;var;skuamöz;SEHIRUNIVKOD899;yok;hiç mutasyon yok;1 mutasyon var;;;
10;793;0;30.09.2018;11.01.2013;68;14254281030;15;15;akciger ca;59;GC;CG;CC;CC;AG;CC;TT;AA;AT;CT;AA;CT;GC;AG;TT;;T1;N1;met yok;erkek;iciyor;43;Adenokarsinom;yok;var;yok;Aile 1.ca yok;var;yok;adeno;SEHIRUNIVKOD805;19 delesyon var;5 bölgede mutasyonlu;1 mutasyon var;0505 400 10 21;0531 973 03 74;
11;166;0;09.07.2016;21.04.2014;26;;52;;akciger ca;78;GC;;;AA;AG;AC;TT;CA;AA;CT;CC;CC;GC;AA;;;;;;erkek;iciyor;60;;;;;;yok;yok;;SEHIRUNIVKOD611;;;;;;
12;908;1;21.02.2023;10.12.2010;146;;;;akciger ca;52;;CG;CC;;AG;;TT;;AA;CC;AA;TT;CC;AA;TT;;T4;N2;met yok;erkek;iciyor;35;Squamöz hücre kanseri;;;;;;;;SEHIRUNIVKOD924;;;;;;squamoz hucre
13;889;0;28.07.2013;24.12.2012;7;;10;;akciger ca;52;;CC;CC;CA;AG;AC;TT;CA;AA;CC;AC;CT;GC;;TG;;T3;No;met yok;kadın;iciyor;30;Squamöz hücre kanseri;var;var;var;Aile 1.ca yok;yok;yok;skuamöz;SEHIRUNIVKOD910;;;;;;
14;745;1;12.02.2023;23.09.2014;100;;69;;akciger ca;;GC;;;CA;AG;AC;TT;CA;AA;TT;AC;TT;CC;AA;;;;;;kadın;;;;;;;;;;;SEHIRUNIVKOD619;;;;;;
15;828;0;05.03.2014;02.01.2013;14;patoloji yok;12;12;akciger ca;61;;CC;CC;AA;AG;CC;CT;AA;AT;CC;AA;CC;GC;AA;TG;;T2;N1;met yok;erkek;iciyor;40;Squamöz hücre kanseri;yok;var;var;Aile 1.ca yok;var;yok;skuamöz;SEHIRUNIVKOD863;19 delesyon var;1 mutasyonik bölge var;mutasyon yok;;;
16;838;;;;;;49;;akciger ca;57;GC;;;CC;GG;CC;CT;CA;AA;CC;AC;CC;CC;AA;;;T2;No;met yok;erkek;iciyor;80;Adenokarsinom;yok;var;var;;yok;var;adenokarsinom;SEHIRUNIVKOD862;;;;;;
17;775;0;19.12.2014;09.06.2010;54;53029582194;;;akciger ca;71;;CC;CT;CC;AA;;TT;;AA;CC;CC;CT;CC;AA;;;T1;No;met yok;erkek;yok;00;Adenokarsinom;yok;var;;Aile 1.ca yok;;;adeno;SEHIRUNIVKOD780;;;;0531 374 79 09;0532 675 56 82;hemoptizi . miks adeno ca opere larynx ca
18;158;0;25.03.2014;21.12.2012;15;;09;10;akciger ca;58;GC;CG;CC;CC;AG;AC;CT;CA;AA;TT;AC;CT;GC;AA;TT;;;;;erkek;iciyor;49;Adenokarsinom;;;;Aile 1.ca yok;var;yok;adeno;SEHIRUNIVKOD737;;;;;;
19;786;1;12.02.2023;10.07.2014;103;;61;;akciger ca;54;GC;;;CA;GG;AC;TT;CA;AT;CC;AA;CT;CC;AA;;67.60;T1;No;met yok;kadın;;30;Adenokarsinom;yok;var;var;;;;;SEHIRUNIVKOD802;;;;;;
20;853;0;01.03.2013;17.09.2012;5;patoloji yok;04;04;akciger ca;59;GC;CG;CC;CC;AA;CC;CT;AA;AT;CC;AA;CT;GC;AA;TT;198.75;T2;N1;met yok;erkek;iciyor;20;Squamöz hücre kanseri;var;var;yok;Aile 1.ca yok;yok;yok;skuamöz;SEHIRUNIVKOD869;yok;hiç mutasyon yok;mutasyon yok;;;
21;851;0;03.09.2018;16.04.2013;64;58429330284;22;22;akciger ca;63;GC;CG;CC;CC;GG;CC;TT;AA;AA;CT;AA;TT;GC;AA;TG;174.80;T2;N1;met yok;erkek;iciyor;80;Büyük hücreli karsinom;yok;var;yok;Aile 1.ca yok;var;var;pleomorfik karsinom;SEHIRUNIVKOD866;yok;hiç mutasyon yok;mutasyon yok;0532 275 52 42;;
22;766;1;21.02.2023;03.06.2010;152;;;;akciger ca;53;GC;;;AA;AG;;;;AA;;AC;CT;CC;GG;;;T1;No;met yok;erkek;iciyor;45;Squamöz hücre kanseri;;;;;;;;SEHIRUNIVKOD792;;;;;;SQUAMOZ CA
23;910;1;12.02.2023;22.04.2013;117;;24;24;akciger ca;64;;CG;CC;CC;AG;;CT;;AA;CT;AA;CT;CC;AA;TT;;T4;N1;met var;erkek;iciyor;40;Adenokarsinom;yok;yok;yok;Aile 1.ca yok;yok;yok;adenokarsinom;SEHIRUNIVKOD926;;;;;;
24;824;1;12.02.2023;01.07.2010;151;67135225012;;;akciger ca;81;GC;;;;AG;CC;;AA;AT;;;;;AG;;;T2;No;met yok;erkek;iciyor;55;Squamöz hücre kanseri;yok;var;;Aile 1.ca yok;;;skuamöz;SEHIRUNIVKOD848;;;;0532 321 50 91;;squamöz hüc Ca
25;791;1;12.02.2023;09.01.2013;121;12314875854;13;18;akciger ca;65;GC;CG;CC;CC;AG;AC;TT;CA;AA;CC;AC;CC;CC;AG;TG;;T1;No;met yok;erkek;iciyor;40;Adenokarsinom;yok;yok;yok;Aile 1.ca yok;var;var;adeno;SEHIRUNIVKOD804;yok;hiç mutasyon yok;mutasyon yok;0532 556 16 18;0534 550 99 44;
26;830;0;20.06.2013;26.05.2013;0;59086421544;;34;akciger ca;46;GC;;;CC;;;TT;;AT;CT;AA;;;AA;;;T2;N1;met yok;erkek;iciyor;30;Squamöz hücre kanseri;yok;yok;;Aile 1.ca yok;;;skuamöz;SEHIRUNIVKOD842;;;;0542 637 72 00;;squamöz hüc Ca
27;891;1;12.02.2023;06.05.2013;117;19853461210;28;28;akciger ca;63;GG;CC;CC;AA;GG;AC;TT;CA;AT;CT;AC;CT;CC;AA;TG;89.50;T3;N1;met yok;erkek;iciyor;80;Adenokarsinom;var;var;yok;Aile 1.ca yok;yok;yok;adenokarsinom;SEHIRUNIVKOD909;yok;hiç mutasyon yok;mutasyon yok;0536 311 17 80;;
28;780;0;16.09.2016;09.04.2014;29;;46;;akciger ca;78;GG;;;CC;AG;CC;CT;AA;AA;CC;AC;CT;GC;AG;;;T1;N1;met yok;kadın;yok;00;Adenokarsinom;var;var;var;;yok;yok;adenokarsinom;SEHIRUNIVKOD796;;;;;;
29;832;1;12.02.2023;;;22514301626;;;akciger ca;51;GG;CG;CC;CA;AG;CC;;AA;;TT;AA;CT;GC;AA;TT;;T2;No;met yok;kadın;;45;Adenokarsinom;yok;var;;Aile 1.ca yok;;;adeno;SEHIRUNIVKOD849;;;;0542 566 68 11;;
30;765;0;06.06.2017;06.05.2014;37;;53;;akciger ca;63;GG;;;AA;AG;CC;CT;AA;AA;CT;AA;TT;GC;AG;;;T1;No;met yok;erkek;iciyor;66;Adenokarsinom;yok;yok;yok;;yok;yok;adeno;SEHIRUNIVKOD798;;;;;;
31;849;0;25.09.2014;02.11.2012;22;;06;06;akciger ca;72;;CG;CC;CC;AA;AC;TT;CA;TT;CC;CC;TT;GC;AA;TT;;T2;No;met yok;erkek;iciyor;100;Squamöz hücre kanseri;yok;var;yok;Aile 1.ca yok;yok;yok;skuamöz;SEHIRUNIVKOD870;;;;;;
32;847;0;28.03.2017;03.04.2014;35;;43;;akciger ca;72;GG;;;CC;AG;CC;CT;AA;AA;TT;AC;TT;CC;AG;;102.75;T2;No;met yok;erkek;iciyor;45;Squamöz hücre kanseri;yok;var;var;;var;var;skuamöz;SEHIRUNIVKOD859;;;;;;
33;892;0;29.10.2016;06.03.2014;31;;41;;akciger ca;58;GG;;;AA;AG;CC;CT;AA;AT;CC;AA;CT;GC;AA;;104.50;T3;No;met yok;erkek;iciyor;60;Squamöz hücre kanseri;yok;var;var;;var;var;skuamöz;SEHIRUNIVKOD906;;;;;;
34;888;0;11.04.2013;29.04.2010;35;12671387106;;;akciger ca;61;GG;CC;CC;CC;AG;;CT;;AA;CC;CC;TT;CC;AA;TT;;T3;No;met yok;erkek;iciyor;40;Adenokarsinom;var;var;;Aile 1.ca yok;;;adeno;SEHIRUNIVKOD903;;;;0282 263 55 78;0535 449 30 99;adeno Ca
35;783;0;05.07.2015;05.03.2014;16;;40;;akciger ca;62;;;;CC;AA;CC;;AA;AT;CC;AA;CT;GG;AG;;94;T1;No;met yok;erkek;iciyor;120;Adenokarsinom;var;var;var;;var;yok;adenokarsinom;SEHIRUNIVKOD781;;;;;;
36;790;0;07.02.2017;07.05.2013;45;patoloji yok;30;30;akciger ca;80;GG;CG;CC;CA;AG;AC;CT;CC;AA;CT;AA;TT;GC;AA;TG;98.35;T1;No;met var;erkek;iciyor;50;Squamöz hücre kanseri;var;var;var;Aile 1.ca yok;yok;yok;skuamöz;SEHIRUNIVKOD795;yok;hiç mutasyon yok;mutasyon yok;;;
37;137;1;21.02.2023;29.03.2010;154;;;;akciger ca;;GG;CC;CC;AA;GG;;CT;;;CT;AA;CT;GC;AG;TG;;;;;kadın;;;;;;;;;;;SEHIRUNIVKOD703;;;;;;
38;156;0;17.12.2014;22.09.2014;2;;67;;akciger ca;;GG;;;CC;AG;AC;;CA;AA;CT;AC;CT;GC;AG;;;;;;erkek;;;;;;;;;;;SEHIRUNIVKOD617;;;;;;
39;792;0;30.12.2014;18.01.2013;23;;16;16;akciger ca;16;GG;CG;CC;AA;AG;AC;TT;CA;AT;CC;CC;CT;GC;AG;TT;;T1;N1;met yok;erkek;iciyor;30;Squamöz hücre kanseri;var;var;var;Aile 1.ca yok;var;yok;skuamöz;SEHIRUNIVKOD806;;;;;;
40;777;;;;;;;;akciger ca;64;;CC;CC;AA;AG;;TT;;AA;CT;CC;CC;;AA;TG;;T1;No;met yok;erkek;yok;00;;;;;;;;;SEHIRUNIVKOD785;;;;;;
41;136;1;12.02.2023;20.10.2014;99;;64;;akciger ca;;GG;;;CC;AA;CC;CC;CA;AT;CT;AA;CC;CC;AA;;;;;;erkek;;;;;;;;;;;SEHIRUNIVKOD543;;;;;;
42;770;1;12.02.2023;28.05.2010;152;;;;akciger ca;58;GG;CG;CC;AA;AG;AC;;CA;AA;CC;AC;CC;GG;GG;TT;;T1;N1;met yok;erkek;iciyor;40;Squamöz hücre kanseri;;;;;;;;SEHIRUNIVKOD790;;;;;;squamoz
43;776;;;;;;;;akciger ca;55;;CG;CC;AA;AG;;TT;;AA;CT;CC;CT;;AA;TT;;T1;No;met yok;kadın;yok;00;diğer ca ikincil;;;;;;;;SEHIRUNIVKOD783;;;;;;atipik karsinoid
44;898;1;12.02.2023;02.05.2013;117;29485185248;27;;akciger ca;67;GG;GG;CC;CC;AG;CC;CT;AA;AA;TT;AC;CC;GC;AG;TT;;T3;N1;met yok;erkek;iciyor;90;Squamöz hücre kanseri;var;var;yok;Aile 1.ca yok;var;yok;khdak;SEHIRUNIVKOD904;yok;hiç mutasyon yok;mutasyon yok;0533 293 04 88;0536 855 92 70;
45;160;;;04.04.2014;;;44;;akciger ca;37;GG;;;CC;AA;AC;TT;CA;AT;CC;CC;CT;GC;AG;;;;;;kadın;iciyor;20;malign melanom;;;;;yok;var;malign melanom;SEHIRUNIVKOD541;;;;;;
46;153;1;21.02.2023;14.06.2010;152;;;;akciger ca;22;GG;CG;CC;CC;AG;;CT;;AA;CT;AC;CT;CC;AA;TG;;;;;erkek;yok;00;diğer ca ikincil;;;;;;;;SEHIRUNIVKOD603;;;;;;Sol AC metastezektomi ewing
47;167;0;01.11.2015;03.05.2012;41;;;;akciger ca;34;GG;CG;CC;CA;GG;;CT;;AA;CT;CC;CC;GG;AG;TG;;;;;kadın;yok;00;diğer ca ikincil;;;;;;;;SEHIRUNIVKOD704;;;;;;leimyosarkom met
48;842;0;28.03.2017;07.05.2014;34;;54;;akciger ca;72;;;;CC;AG;;CT;;;TT;AC;TT;CC;AG;;;T2;No;met yok;erkek;iciyor;45;Squamöz hücre kanseri;yok;var;var;;;;;SEHIRUNIVKOD860;;;;;;
49;845;0;16.01.2015;25.07.2013;17;31469428524;37;;akciger ca;54;GG;CC;CT;AA;AG;AC;TT;CA;AT;CC;AC;CT;GG;AA;TG;345.05;T2;No;met yok;erkek;iciyor;30;Squamöz hücre kanseri;yok;yok;yok;Aile 1.ca yok;yok;var;skuamöz;SEHIRUNIVKOD857;yok;1 mutasyonik bölge var;mutasyon yok;5304673783;5364673682;
50;894;1;21.02.2023;19.03.2013;119;;20;20;akciger ca;42;GG;CG;CC;AA;AG;AC;TT;CA;AA;CC;AA;CC;GC;AG;TT;140.05;T3;N1;met yok;erkek;iciyor;50;Squamöz hücre kanseri;var;var;var;Aile 1.ca yok;yok;yok;skuamöz;SEHIRUNIVKOD912;;;;;;
51;896;0;06.08.2014;01.03.2013;17;49222247114;19;19;akciger ca;55;GG;CG;CC;CC;AA;CC;CT;AA;AA;CT;AC;CC;CC;AG;TG;100.45;T3;N1;met yok;erkek;iciyor;30;Adenokarsinom;yok;var;yok;Aile 1.ca yok;var;var;adenokarsinom;SEHIRUNIVKOD911;yok;hiç mutasyon yok;mutasyon yok;0537 979 77 34;0534 334 27 12;
52;133;1;21.02.2023;18.09.2014;101;;66;;akciger ca;;GG;;;AA;AG;AC;;CA;AA;CC;AA;CC;CC;AG;;;;;;erkek;;;;;;;;;;;SEHIRUNIVKOD616;;;;;;
53;794;0;14.05.2014;27.12.2012;16;21224415562;11;11;akciger ca;68;GG;CC;CC;CC;AG;AC;TT;CC;AT;CC;AA;CC;CC;AA;TG;99.65;T1;N1;met yok;erkek;iciyor;50;Adenokarsinom;var;var;yok;Aile 1.ca yok;var;yok;adeno;SEHIRUNIVKOD803;yok;hiç mutasyon yok;mutasyon yok;0530 602 85 97;0539 830 03 44;
54;890;1;21.02.2023;30.04.2013;117;;26;26;akciger ca;68;GG;CG;CC;CC;AA;CC;CT;AA;AA;CC;AC;TT;GC;AG;TG;89.40;T3;No;met yok;erkek;iciyor;50;Squamöz hücre kanseri;var;var;var;Aile 1.ca yok;var;yok;skuamöz;SEHIRUNIVKOD898;;;;;;
55;782;0;16.12.2021;18.04.2014;91;;51;;akciger ca;55;GG;;;AA;AG;AC;CT;CA;AT;CC;AA;CC;GC;GG;;60.25;T1;No;met yok;erkek;iciyor;30;Adenokarsinom;yok;var;var;;var;yok;khdak;SEHIRUNIVKOD797;;;;;;
56;774;0;08.01.2020;17.06.2011;102;22438161412;;;akciger ca;68;;CG;CC;;AG;AA;;;AA;TT;AC;CC;CC;;;;T1;No;met yok;erkek;iciyor;60;Squamöz hücre kanseri;yok;yok;;Aile 1.ca yok;;;skuamöz;SEHIRUNIVKOD787;;;;0535 959 40 39;0506 220 15 18;squamöz hüc Ca
57;788;;;;;;71;;akciger ca;64;GG;;;;AG;AC;TT;CC;AT;CT;CC;CC;CC;AG;;;T1;No;met yok;erkek;iciyor;40;Squamöz hücre kanseri;yok;var;yok;;;;;SEHIRUNIVKOD800;;;;;;
58;781;;;;;;21;21;akciger ca;66;GG;CG;CC;CC;GG;AA;TT;CC;AA;CT;AA;CT;GG;AA;TT;;T1;No;met yok;erkek;iciyor;75;Squamöz hücre kanseri;yok;yok;yok;Ailede 1.ca var;yok;var;skuamöz;SEHIRUNIVKOD808;;;;;;
59;826;1;21.02.2023;21.09.2011;137;;;;akciger ca;51;GG;;;;AG;CC;TT;AA;AA;TT;;;;AA;;;T2;No;met yok;kadın;iciyor;45;Adenokarsinom;;;;;;;;SEHIRUNIVKOD847;;;;;;adeno ca
60;784;;;;;;55;;akciger ca;37;GG;;;;AA;AC;CT;CA;;;CC;CT;CC;AA;;;T1;No;met yok;erkek;iciyor;05;karsinoid;yok;var;yok;;;;nöroendokrin;SEHIRUNIVKOD782;;;;;;
61;844;1;21.02.2023;11.06.2013;116;69490220350;33;33;akciger ca;47;GG;CG;CC;CC;AG;CC;CT;AA;AT;CT;AC;CT;GG;GG;TG;43.44;T2;N1;met yok;erkek;iciyor;25;Adenokarsinom;var;var;yok;Aile 1.ca yok;;;adeno;SEHIRUNIVKOD856;yok;hiç mutasyon yok;mutasyon yok;0542 584 59 11;;
62;827;0;10.04.2020;11.06.2013;81;;;;akciger ca;43;;CC;CC;;AG;;TT;;AT;CC;AA;CC;GC;AA;TT;;T2;N1;met yok;erkek;iciyor;30;Adenokarsinom;;;;;;;;SEHIRUNIVKOD855;;;;;;adeno ca
63;846;0;05.04.2016;03.04.2014;24;;42;;akciger ca;67;GG;;;CA;AG;CC;CT;AA;AT;CC;CC;CT;CC;AG;;107.90;T2;No;met yok;kadın;iciyor;50;Adenokarsinom;var;var;var;;yok;var;adenokarsinom;SEHIRUNIVKOD858;;;;;;
64;789;1;21.02.2023;06.02.2013;120;;17;17;akciger ca;57;GG;CG;CC;AA;GG;CC;TT;AA;AT;CT;CC;CT;GC;AA;TT;80.45;T1;No;met yok;erkek;iciyor;40;Squamöz hücre kanseri;var;var;var;Aile 1.ca yok;var;yok;skuamöz;SEHIRUNIVKOD807;;;;;;
65;911;0;19.07.2013;02.11.2010;32;;;;akciger ca;55;;CG;CC;;AG;;TT;;AT;CT;AC;CT;GC;AA;TG;;T4;No;met yok;erkek;iciyor;40;Adenokarsinom;;;;;;;;SEHIRUNIVKOD925;;;;;;opere nuks ca
66;848;;;;;46255994374;36;36;akciger ca;47;GG;;;CC;GG;AC;CC;CA;AA;CC;AA;CT;CC;AG;;;T2;No;met yok;erkek;iciyor;30;Squamöz hücre kanseri;var;var;yok;Aile 1.ca yok;var;var;skuamöz;SEHIRUNIVKOD861;yok;hiç mutasyon yok;mutasyon yok;;0544 459 40 06;
67;763;0;18.03.2013;01.06.2010;33;32696355874;;;akciger ca;65;GG;CG;CT;AA;AG;;TT;;AA;CC;AA;CC;;AA;TG;;T1;No;met yok;erkek;iciyor;60;Squamöz hücre kanseri;;;;Aile 1.ca yok;;;;SEHIRUNIVKOD786;;;;0545 738 39 75;0533 459 99 70;squamoz
68;831;1;21.02.2023;06.12.2010;146;;;;akciger ca;72;;CG;CC;;;;TT;;AA;TT;AA;TT;GC;AA;TG;;T2;No;met yok;erkek;iciyor;25;Squamöz hücre kanseri;;;;;;;;SEHIRUNIVKOD838;;;;;;suamoz hucre
69;893;0;21.03.2021;09.04.2014;83;;47;;akciger ca;68;CC;;;CC;AG;AA;TT;CC;AT;CC;AA;TT;GC;AA;;207.45;T3;No;met yok;erkek;iciyor;110;Adenokarsinom;var;var;var;;var;yok;adenokarsinom;SEHIRUNIVKOD907;;;;;;
70;155;1;21.02.2023;26.05.2014;104;;59;;akciger ca;62;GG;;;CC;AG;AC;CT;CA;AA;CT;AC;CT;CC;AA;;;;;;erkek;iciyor;46;Squamöz hücre kanseri;;;;;yok;var;skuamöz;SEHIRUNIVKOD614;;;;;;