;;;;;;;IDO-1;p16540;p16580;FOXP3;ICAM-1;GALECTİN-3;CD28;GALECTİN-3;CD27;PD1/pdcd1PDL1/cd274;PDL1;CD40;TIM1;CTLA-4;MDM2;;;;;;;;;;;;;;;;;;;;;
;;;;;;;rs10089084;RS11515;RS3088440;RS3761548;RS5498;rs4644;RS3116496;rs4652;RS2267966;RS2227981;RS2890658;rs1883832;RS9313422;rs231775;rs2279744;;;;;;;;;;;;;;;;;;;;;
;;;;;;;ID:3620;ID: 1029;ID: 1029;ID: 59043;ID:3383;ID:3958;ID:940;ID:3958;ID:939;ID:5133;ID:29126;ID:958;ID:267662;ID:1493;ID:4193;;;;;;;;;;;;;;;;;;;;;
;akcigernumara;ProtokolNo;NSGno;dokuno;hastagrup;yas;IDO1poly;p16540;p16580;foxp3;ICAM469;gal4644;cd28;gal4652;cd27snp;pd1snp;pdl1poly;cd40snp;TIM1;ctla4-49snp;mdm2;sont;sonn;mevre;Cinsiyet;sigara;sigrapyl;alttip;Perinöralinv;Lenfatik;damarinv;ailedeca;alkol;hikaye;PatolojiTanısı;SEHIRKOD;OTImutasyonanalizi19;mutasyonanalizi20;mutasyonanalizi21;Telefon1;Telefon2;akiystez
1;687;;65;;kontrol;;CC;CC;CC;CA;AG;CC;CC;AA;AA;CT;AC;CC;GC;;TG;;;;kadın;;;;;;;;;;;SEHIRUNIVKOD487;;;;;;
2;576;;;;kontrol;;;CG;TT;CA;AG;CC;CT;AA;AA;CC;AA;CC;GC;AA;;;;;;;;;;;;;;;;SEHIRUNIVKOD415;;;;;;
3;652;;;;kontrol;;GC;CC;TT;CA;GG;AC;TT;CA;AA;CC;AC;CT;CC;AG;;;;;;;;;;;;;;;;SEHIRUNIVKOD450;;;;;;
4;564;;85;;kontrol;;;CC;CC;CA;AG;AC;CC;;AT;;AA;CC;GC;;TG;;;;kadın;;;;;;;;;;;SEHIRUNIVKOD429;;;;;;
5;544;;101;;kontrol;36;;CC;CC;;AG;CC;TT;;AA;;AA;CT;GC;AG;TG;;;;erkek;yok;;;;;;;yok;yok;;SEHIRUNIVKOD658;;;;;;
6;654;;;;kontrol;;GC;CC;CC;CA;AA;CC;CC;CC;AA;CC;AC;CC;CC;;;;;;;;;;;;;;;;;SEHIRUNIVKOD458;;;;;;
7;684;;59;;kontrol;33;;CC;CT;CA;AA;AC;;CA;TT;CT;AC;CT;CC;AG;GG;;;;kadın;;;;;;;;;;;SEHIRUNIVKOD484;;;;;;
8;656;;;;kontrol;;GC;GG;CC;CA;AG;CC;TT;AA;TT;CC;AC;CC;CC;;;;;;;;;;;;;;;;;SEHIRUNIVKOD460;;;;;;
9;658;;49;;kontrol;;GC;CG;CC;CA;AA;AA;CC;AA;AA;CC;AC;CC;GG;;GG;;;;kadın;;;;;;;;;;;SEHIRUNIVKOD481;;;;;;
10;551;;108;;kontrol;50;;CC;CC;CC;AA;AC;TT;;AA;;AA;TT;GC;AG;;;;;kadın;;;;;;;;;;;SEHIRUNIVKOD432;;;;;;
11;556;;;;kontrol;;;CC;CC;CA;AG;AC;TT;;AT;;AA;CT;CC;;TG;;;;;;;;;;;;;;;SEHIRUNIVKOD407;;;;;;
12;683;;48;;kontrol;;GC;CG;CC;CA;AG;CC;CC;CA;AT;CT;AC;CC;CC;AG;TT;;;;kadın;;;;;;;;;;;SEHIRUNIVKOD480;;;;;;
13;699;;73;;kontrol;;GC;CC;CC;CA;;AC;TT;CA;AT;TT;AC;CT;CC;;TG;;;;kadın;;;;;;;;;;;SEHIRUNIVKOD489;;;;;;
14;725;;;;kontrol;;GC;CC;CC;CA;AG;CC;TT;AA;AA;TT;CC;CC;GG;;;;;;;;;;;;;;;;;SEHIRUNIVKOD522;;;;;;
15;675;;;;kontrol;78;;CG;CC;;AG;CC;;;AA;CT;AC;CT;CC;AA;TG;;;;kadın;;;;;;;;;;;SEHIRUNIVKOD648;;;;;;
16;735;;;;kontrol;;GC;CC;CC;CA;AG;CC;CT;AA;TT;CC;CC;CC;GC;;;;;;;;;;;;;;;;;SEHIRUNIVKOD698;;;;;;
17;572;;75;;kontrol;;;CG;CT;;AG;CC;;;AA;CC;AA;CT;GG;AA;TT;;;;erkek;;;;;;;;;;;SEHIRUNIVKOD424;;;;;;
18;753;;;;kontrol;;GC;CC;CC;CC;AA;AC;CT;CA;AT;TT;AC;CC;GG;;;;;;;;;;;;;;;;;SEHIRUNIVKOD593;;;;;;
19;574;;112;;kontrol;;;CG;CC;CC;AG;AC;CC;;TT;CC;AA;CC;GG;;TG;;;;erkek;;;;;;;;;;;SEHIRUNIVKOD434;;;;;;
20;685;;61;;kontrol;;GC;CC;CC;CA;AG;CC;TT;AA;TT;CT;AC;CT;GG;AA;;;;;kadın;;;;;;;;;;;SEHIRUNIVKOD485;;;;;;
21;507;;46;;kontrol;39;GC;CC;CC;AA;;AC;;CA;AT;;;;GC;;TG;;;;kadın;yok;;;;;;;yok;yok;;SEHIRUNIVKOD355;;;;;;
22;714;;66;;kontrol;;GC;CG;CC;CA;AG;AC;CC;CA;AA;;CC;CC;CC;;TT;;;;kadın;;;;;;;;;;;SEHIRUNIVKOD526;;;;;;
23;578;;142;;kontrol;30;;CG;CC;;AA;CC;CC;;TT;CT;AA;TT;GC;;TT;;;;erkek;;;;;;;;;;;SEHIRUNIVKOD591;;;;;;
24;580;;;;kontrol;;;CC;TT;CA;AG;AC;TT;CA;AA;CT;AA;CC;GC;;;;;;;;;;;;;;;;;SEHIRUNIVKOD410;;;;;;
25;677;;;;kontrol;72;;GG;CC;;AG;AC;TT;;AA;CT;AC;CC;CC;AA;TT;;;;kadın;yok;10;;;;;Aile 1.ca yok;;;;SEHIRUNIVKOD655;;;;;;
26;619;;;;kontrol;;GC;;;CA;;CC;;AA;AA;;AC;CT;GG;AG;;;;;;;;;;;;;;;;SEHIRUNIVKOD470;;;;;;
27;691;;143;;kontrol;;;CG;CC;AA;GG;AC;TT;;AT;CT;AC;CT;GG;AA;TT;;;;erkek;;;;;;;;;;;SEHIRUNIVKOD732;;;;;;
28;581;;;;kontrol;;GC;CG;CC;CA;AG;CC;TT;AA;AT;CT;AA;CC;CC;;;;;;;;;;;;;;;;;SEHIRUNIVKOD413;;;;;;
29;628;;144;;kontrol;;;CG;CC;CA;AG;CC;TT;;AA;;AC;CC;GC;AG;TG;;;;kadın;;;;;;;;;;;SEHIRUNIVKOD506;;;;;;
30;558;;;;kontrol;;GG;;;CA;;CC;;AA;AT;;AA;CT;GC;;;;;;;;;;;;;;;;;SEHIRUNIVKOD409;;;;;;
31;563;;83;;kontrol;;GG;CC;CC;CA;AG;AA;TT;;AA;;AA;CT;GG;;GG;;;;kadın;;;;;;;;;;;SEHIRUNIVKOD428;;;;;;
32;568;;55;;kontrol;34;GG;CC;CC;AA;;AC;CT;CA;;;AA;;;AG;GG;;;;erkek;;;;;;;;;;;SEHIRUNIVKOD421;;;;;;
33;577;;;;kontrol;;GG;GG;CC;AA;AA;AA;CC;CC;AA;CC;AA;CC;GC;;;;;;;;;;;;;;;;;SEHIRUNIVKOD442;;;;;;
34;603;;220;;kontrol;;;CC;CC;;AA;AA;TT;;AA;;AC;CC;GC;AG;GG;;;;kadın;;;;;;;;;;;SEHIRUNIVKOD515;;;;;;
35;710;;;;kontrol;52;GG;;CC;CC;AG;CC;;;AT;;CC;TT;CC;GG;;;;;;;;;;;;;;;;SEHIRUNIVKOD623;;;;;;
36;724;;;;kontrol;;GG;CG;CC;CC;AG;AC;CC;CA;AA;CT;CC;CC;GC;;TG;;;;;;;;;;;;;;;SEHIRUNIVKOD520;;;;;;
37;616;;;;kontrol;;GG;;;CA;;AC;;CA;AA;;AC;CT;GC;;;;;;;;;;;;;;;;;SEHIRUNIVKOD455;;;;;;
38;585;;88;;kontrol;;;CG;CC;AA;GG;AC;TT;;AA;TT;AA;CT;CC;GG;TG;;;;kadın;;;;;;;;;;;SEHIRUNIVKOD430;;;;;;
39;601;;206;;kontrol;;;CG;CC;;AA;AC;TT;;AT;;AC;CT;GC;;GG;;;;erkek;;;;;;;;;;;SEHIRUNIVKOD513;;;;;;
40;649;;;;kontrol;;GG;;CC;CC;AG;CC;TT;AA;AT;CC;AC;CT;GG;;;;;;;;;;;;;;;;;SEHIRUNIVKOD686;;;;;;
41;657;;33;;kontrol;;GG;CC;CC;CA;AG;CC;TT;AA;AA;CC;AC;CT;GC;AA;TT;;;;kadın;;;;;;;;;;;SEHIRUNIVKOD475;;;;;;
42;718;;98;;kontrol;;;CC;CC;AA;GG;CC;TT;;AA;;CC;CC;GC;AG;GG;;;;kadın;;;;;;;;;;;SEHIRUNIVKOD529;;;;;;
43;662;;34;;kontrol;;GG;CC;CC;AA;AA;AA;TT;CA;AA;CC;AC;CT;CC;;TG;;;;kadın;;;;;;;;;;;SEHIRUNIVKOD476;;;;;;
44;680;;;;kontrol;;GG;CC;CC;CA;AA;AC;TT;CA;AA;CT;AC;CT;GC;;;;;;;;;;;;;;;;;SEHIRUNIVKOD464;;;;;;
45;682;;41;;kontrol;47;GG;CC;CC;CA;AG;AA;TT;CC;AT;CT;AC;CC;GC;AA;;;;;erkek;;;;;;;;;;;SEHIRUNIVKOD478;;;;;;
46;697;;40;;kontrol;;GG;CC;CC;CC;AA;CC;TT;AA;AT;TT;AC;CT;GC;AG;GG;;;;erkek;;;;;;;;;;;SEHIRUNIVKOD477;;;;;;
47;688;;93;;kontrol;;;CC;CC;CA;GG;CC;TT;;TT;CT;AC;CC;GC;;TT;;;;kadın;;;;;;;;;;;SEHIRUNIVKOD493;;;;;;
48;689;;;;kontrol;;;CC;TT;AA;AG;CC;;;AA;CT;AC;CC;CC;AA;;;;;;;;;;;;;;;;SEHIRUNIVKOD6;;;;;;
49;730;;53;;kontrol;;GG;CG;CC;CC;AA;AC;CT;CC;TT;CT;AA;CT;GG;;TT;;;;erkek;;;;;;;;;;;SEHIRUNIVKOD419;;;;;;
50;660;;80;;kontrol;37;GG;CG;CT;CA;AA;AA;TT;CC;AT;CC;AC;CT;GG;;TG;;;;kadın;yok;;;;;;;yok;yok;;SEHIRUNIVKOD490;;;;;;
51;651;;;;kontrol;;GG;CC;CC;CA;AG;CC;TT;AA;TT;CC;AC;CC;CC;AA;;;;;;;;;;;;;;;;SEHIRUNIVKOD448;;;;;;
52;625;;126;;kontrol;43;;CC;CT;CA;AG;CC;TT;;AA;;AC;TT;GC;AG;TT;;;;kadın;yok;;;;;;;yok;yok;;SEHIRUNIVKOD499;;;;;;
53;686;;62;;kontrol;;GG;CC;CC;CA;;AC;TT;CA;;CT;AC;CC;GC;;GG;;;;kadın;;;;;;;;;;;SEHIRUNIVKOD486;;;;;;
54;739;;;;kontrol;;GG;CC;TT;CC;AG;CC;CT;AA;AA;CC;AA;CC;GC;;;;;;;;;;;;;;;;;SEHIRUNIVKOD679;;;;;;
55;655;;;;kontrol;;GG;CG;CC;CA;AG;AA;TT;CC;AA;CC;AC;CC;CC;;;;;;;;;;;;;;;;;SEHIRUNIVKOD459;;;;;;
56;690;;138;;kontrol;;;CG;CC;AA;AA;AC;TT;;AT;CT;AC;CC;GC;AA;TG;;;;kadın;;;;;;;;;;;SEHIRUNIVKOD504;;;;;;
57;696;;;;kontrol;;GG;CG;CC;;AA;AC;TT;CA;AT;TT;AC;CT;GC;;;;;;;;;;;;;;;;;SEHIRUNIVKOD545;;;;;;
58;582;;;;kontrol;;GG;CC;TT;AA;AA;AC;TT;CA;AA;CT;AA;CC;GG;;;;;;;;;;;;;;;;;SEHIRUNIVKOD414;;;;;;
59;744;;188;;kontrol;31;;CC;CC;;AG;;CT;;TT;TT;AC;TT;GC;AG;TG;;;;kadın;;;;;;;;;;;SEHIRUNIVKOD695;;;;;;
60;719;;209;;kontrol;41;;CC;CC;;AA;CC;TT;;AA;CC;CC;CT;GC;AA;TG;;;;kadın;yok;;;;;;;yok;yok;;SEHIRUNIVKOD534;;;;;;
61;695;;45;;kontrol;38;GG;CC;CC;;AA;CC;TT;AA;AA;TT;AC;CC;GC;;GG;;;;erkek;iciyor;;;;;;;yok;var;;SEHIRUNIVKOD479;;;;;;
62;713;;;;kontrol;;GG;;;CA;;AC;;CA;AT;;CC;CT;GC;;;;;;;;;;;;;;;;;SEHIRUNIVKOD521;;;;;;
63;659;;50;;kontrol;;;CC;CC;CA;AG;AA;TT;AA;AA;CC;AC;CT;CC;;TG;;;;kadın;;;;;;;;;;;SEHIRUNIVKOD482;;;;;;
64;539;;151;;kontrol;41;;CG;CC;;AG;AC;;;AA;;AA;CT;GG;AG;TG;;;;kadın;iciyor;;;;;;;yok;yok;;SEHIRUNIVKOD438;;;;;;
65;511;;;;kontrol;49;GG;;;AA;GG;AA;;CC;AT;;;TT;GG;;;;;;;;;;;;;;;;;SEHIRUNIVKOD709;;;;;;
66;754;;116;;kontrol;;;CG;CC;CC;GG;CC;CC;;AA;CT;AC;CT;CC;;TG;;;;erkek;;;;;;;;;;;SEHIRUNIVKOD692;;;;;;
67;646;;18;;kontrol;;;CG;CC;CC;AA;AA;TT;CC;TT;CC;AC;CT;GC;;TT;;;;kadın;;;;;;;;;;;SEHIRUNIVKOD474;;;;;;
68;573;;117;;kontrol;40;;CG;CT;CC;GG;AC;TT;;AT;CC;AA;CC;CC;;TG;;;;erkek;;;;;;;;;;;SEHIRUNIVKOD366;;;;;;
69;501;;08;;kontrol;43;GC;CC;CC;CA;;CC;;AA;AA;;;CT;CC;;GG;;;;kadın;;;;;;;;;;;SEHIRUNIVKOD352;;;;;;
70;615;;;;kontrol;;GG;;;CA;;AC;TT;CA;AT;;AC;CT;CC;AA;;;;;;;;;;;;;;;;SEHIRUNIVKOD453;;;;;;